Time_Micro,Prices_Micro,Volatility_Micro,Entropy_Micro,Prices_Macro
0.0,0.4967141530112327,0.2699677718293001,1.2730807830471134,-4.289657150934671
0.01001001001001001,0.358449851840048,0.24623168414563845,1.3616732275889116,-2.9981156262010895
0.02002002002002002,1.0061383899407406,0.2029815184960087,1.5465498846616121,-4.6116743941179665
0.03003003003003003,2.5291682463487657,0.1676531611147213,1.7279221626136254,-6.886814431849923
0.04004004004004004,2.2950148716254297,0.23491116568067952,1.406859723247168,-5.539812140224343
0.050050050050050046,2.060877914676249,0.2196742692710875,1.4710931944076044,-4.953853265363026
0.06006006006006006,3.6400907301836405,0.24475966100138663,1.367434684138569,-5.972357529298935
0.07007007007007007,4.407525459336549,0.2317585900840985,1.4198156123571648,-6.266268098299529
0.08008008008008008,3.938051073401597,0.25247763576596677,1.3375893976619675,-5.455462561722759
0.09009009009009009,4.4806111169875615,0.1732382394219716,1.6969681180540033,-6.057548595234194
0.10010010010010009,4.017193424175099,0.26586970328171633,1.2878266142933454,-4.874460067331044
0.11011011011011011,3.5514636706048424,0.20987998023461998,1.5146734258813497,-4.65122294283289
0.12012012012012012,3.7934259421708765,0.3037630436312633,1.1591172160735546,-4.1152800462869
0.13013013013013014,1.8801456975130786,0.16554060909552162,1.7398848719852789,-3.2522489487135227
0.14014014014014015,0.15522786500004582,0.28679819015826247,1.2147028655570236,-0.7732903746619709
0.15015015015015015,-0.4070596642409269,0.2098955391731324,1.5146026673337167,
0.16016016016016016,-1.4198907845753506,0.1674290998192776,1.7291841875010023,
0.17017017017017017,-1.1056434519800766,0.17580570829728392,1.683053730268716,
0.18018018018018017,-2.0136675275012874,0.183982634590284,1.6399866363465012,
0.19019019019019018,-3.4259712288365787,0.22120829732009584,1.4644362547651775,
0.20020020020020018,-1.9603224599150246,0.226141774401775,1.4433229153373885,
0.21021021021021022,-2.1860987604015603,0.17131499980307105,1.7075194299328424,
0.22022022022022023,-2.1185705557136365,0.19878227038695087,1.5664633385187667,
0.23023023023023023,-3.5433187419270933,0.3071135179305932,1.1484954684801956,
0.24024024024024024,-4.087701466452276,0.2863771585050356,1.2161224516031457,
0.2502502502502503,-3.9767788767424097,0.2218161834837016,1.4618105339315757,
0.2602602602602603,-5.127772454164712,0.20190017390841003,1.5516399929984044,
0.2702702702702703,-4.75207443581904,0.20600156633591307,1.5324696197691112,
0.2802802802802803,-5.352713125737845,0.23067589863652085,1.4243040695076021,
0.2902902902902903,-5.644406875531121,0.14886037174007974,1.839729627731546,
0.3003003003003003,-6.2461134877605184,0.18713117312883276,1.6238859183803473,
0.3103103103103103,-4.3938353032515804,0.11657079630612054,2.06695347276895,
0.3203203203203203,-4.407332527989515,0.21996115613026399,1.4698448707120104,
0.3303303303303303,-5.4650434569454145,0.23235979698513706,1.4173318925639886,
0.34034034034034033,-4.642498544842225,0.1758406768850313,1.6828655482266202,
0.35035035035035034,-5.863342194813248,0.27869933816450165,1.2423694847838294,
0.36036036036036034,-5.654478599808492,0.13871171684988295,1.9057456333957095,
0.37037037037037035,-7.614148723688268,0.126781255989509,1.9893723008020068,
0.38038038038038036,-8.942334772586698,0.2112225909279986,1.5085858855795131,
0.39039039039039036,-8.745473536717574,0.25235491513060776,1.3380570540121157,
0.40040040040040037,-8.007006956722163,0.2841963845728934,1.2235077599015496,
0.41041041041041043,-7.835638675532193,0.17705578685655302,1.6763483811816227,
0.42042042042042044,-7.951286957920433,0.2539340416715648,1.3320560492047346,
0.43043043043043044,-8.252390653509723,0.19807457652496466,1.5698587225558716,
0.44044044044044045,-9.73091264387715,0.19136863500295903,1.6026180456669203,
0.45045045045045046,-10.450756852271859,0.24418299687433365,1.3697008112352445,
0.46046046046046046,-10.911395623231646,0.23261614392067098,1.416274739258903,
0.47047047047047047,-9.854273397012731,0.12118039215078753,2.03118186371114,
0.4804804804804805,-9.51065510744427,0.2738270174862948,1.2593903197517653,
0.4904904904904905,-11.273695262807005,0.2690045677073726,1.2765271255837736,
0.5005005005005005,-10.94961129341221,0.16872186492452354,1.7219245088201909,
0.5105105105105106,-11.334693573828526,0.21979017667187045,1.4705886617750357,
0.5205205205205206,-12.011615574134485,0.22470150931413696,1.449440745322927,
0.5305305305305306,-11.399939285293616,0.21303368829119537,1.5004324503613429,
0.5405405405405406,-10.368939762797666,0.172484742307729,1.7010887132478485,
0.5505505505505506,-9.437659643681467,0.16641883160309742,1.7348943859877684,
0.5605605605605606,-10.276877166904105,0.19872229645042774,1.566750635672855,
0.5705705705705706,-10.58608954275532,0.2586364509629683,1.3143962968667067,
0.5805805805805806,-10.254826111351756,0.22718000772972163,1.4389358998553812,
0.5905905905905906,-9.279280984229397,0.1814692833956947,1.6530278832493777,
0.6006006006006006,-9.758455222074687,0.23858493553241725,1.3919706989563452,
0.6106106106106106,-9.944114198738504,0.05757286896849623,2.694548723114208,
0.6206206206206206,-11.050449172744532,0.2574382850186052,1.318866449474592,
0.6306306306306306,-12.246655796825202,0.11301431106109502,2.095454580287663,
0.6406406406406406,-11.434129974431004,0.1818779529298434,1.650895770896722,
0.6506506506506506,-10.07788994586018,0.1440165052686928,1.8706955052421257,
0.6606606606606606,-10.149900067440514,0.13526592621395472,1.9291892423489911,
0.6706706706706707,-9.14636716954849,0.258041339368926,1.3166140589902111,
0.6806806806806807,-8.784731144500856,0.17661493993440544,1.6787079298166845,
0.6906906906906907,-9.42985089910598,0.2173251940865358,1.4813737135861378,
0.7007007007007007,-9.068455293597568,0.1976539710560408,1.5718821852931883,
0.7107107107107107,-7.5304187271315985,0.22385204136115608,1.4530666654869737,
0.7207207207207207,-7.56624476624155,0.20384109455301277,1.5425220886039075,
0.7307307307307307,-6.001601110427544,0.13585038879057154,1.9251739169841189,
0.7407407407407407,-8.621346214517288,0.24981334097235702,1.347791825131192,
0.7507507507507507,-7.799443710142064,0.1753121708419344,1.6857134660240645,
0.7607607607607607,-7.712396641903894,0.12217090506701245,2.0236594584866623,
0.7707707707707707,-8.011403992369761,0.17859424195170437,1.6681574397276124,
0.7807807807807807,-7.919643215834259,0.27503798953171554,1.2551328109941786,
0.7907907907907907,-9.907212130435152,0.24251108710567465,1.3763001219013042,
0.8008008008008007,-10.126884018272664,0.18256739327960705,1.647309091564241,
0.8108108108108109,-9.769771446760917,0.18253711478407858,1.6474663397654792,
0.8208208208208209,-8.2918774020194,0.18391824743913088,1.6403186136877623,
0.8308308308308309,-8.810147620293048,0.3038373991780421,1.1588802642103793,
0.8408408408408409,-9.618641223186236,0.21909677261157767,1.473610776869501,
0.8508508508508509,-10.120398266770772,0.2215020823595535,1.4631664104226385,
0.8608608608608609,-9.204996149068698,0.25151417270159215,1.341266799234169,
0.8708708708708709,-8.876245039409014,0.21193945795132568,1.5053506462334836,
0.8808808808808809,-9.406005243176052,0.18704789270896485,1.624308469592853,
0.8908908908908909,-8.892737810062696,0.1901825075457511,1.6085257908147734,
0.9009009009009009,-8.795660260714657,0.1964199370292968,1.5778426559054524,
0.9109109109109109,-7.827015270181768,0.19813888817450792,1.5695496905061683,
0.9209209209209209,-8.529068364059121,0.23638147718184901,1.4008742239234255,
0.9309309309309309,-8.85673051065689,0.202597294290365,1.5483555399174345,
0.9409409409409409,-9.248838663789048,0.23663200386077898,1.3998579162153124,
0.950950950950951,-10.712353611921166,0.1959641709945709,1.5800530525304681,
0.960960960960961,-10.41623333485659,0.20393175951580453,1.542098195580837,
0.970970970970971,-10.1551780626767,0.10008996577339463,2.2064573767964615,
0.980980980980981,-10.15006460603424,0.2458163837351241,1.363295342884832,
0.990990990990991,-10.384651739409387,0.21732442379489963,1.481377102092829,
1.001001001001001,-11.800022481459802,0.24990050549298262,1.3474563923847462,
1.011011011011011,-12.220667804225162,0.055187231090315536,2.730491671402187,
1.021021021021021,-12.56338232075193,0.3044187352390364,1.1570296297475757,
1.031031031031031,-13.36565958997355,0.1930205185922413,1.5944482282391956,
1.0410410410410411,-13.526945301639559,0.2554091408368758,1.3264827159406,
1.0510510510510511,-13.12289444482502,0.14800470364372348,1.8451304765013008,
1.0610610610610611,-11.23670854361449,0.2306386952531285,1.424458660222028,
1.0710710710710711,-11.062130730782652,0.1473292218413172,1.8494147147706568,
1.0810810810810811,-10.804580340059887,0.16881155196520975,1.7214228100232078,
1.0910910910910911,-10.879026255826055,0.29570156769333933,1.1851459218899945,
1.1011011011011012,-12.797797471125097,0.19046587996183267,1.6071112214708312,
1.1111111111111112,-12.824311346574314,0.21087164365898614,1.5101735441159723,
1.1211211211211212,-12.764081136633287,0.24350338653443773,1.3723780969299233,
1.1311311311311312,-10.300839024148,0.22478409439863023,1.4490889343847768,
1.1411411411411412,-10.493199988929124,0.20752094525717885,1.5254601330569426,
1.1511511511511512,-10.19165264659551,0.21824805012331128,1.4773223022672668,
1.1611611611611612,-10.226364416300754,0.3201707792619138,1.1081452454703473,
1.1711711711711712,-11.395042453920286,0.19711906014832073,1.5744614812648672,
1.1811811811811812,-10.252219639405265,0.2100549523357484,1.5138779804761304,
1.1911911911911912,-9.500286606718491,0.2525327198003806,1.33737955785964,
1.2012012012012012,-8.709254659675445,0.2552762966478992,1.3269833672958777,
1.2112112112112112,-9.618642114470184,0.25935151527801903,1.3117380041872935,
1.2212212212212212,-8.215847803534086,0.23193651110145924,1.4190799380658636,
1.2312312312312312,-9.617698866326366,0.14284975436347583,1.8782998376895954,
1.2412412412412412,-9.030841772526095,0.2816715766150548,1.2321268473255649,
1.2512512512512513,-6.840386146716117,0.14268273034906562,1.8793931684442962,
1.2612612612612613,-7.830922471846805,0.21513177326195168,1.4910693892669773,
1.2712712712712713,-8.397220201449578,0.1622862074990321,1.7585981879905492,
1.2812812812812813,-8.297568836361936,0.1967930826703504,1.5760365862769845,
1.2912912912912913,-8.801044490478136,0.21643812051517403,1.4852835699930897,
1.3013013013013013,-10.351707921544268,0.21606786077251366,1.486920055876609,
1.3113113113113113,-10.28314494673824,0.22109603771176425,1.464921907189485,
1.3213213213213213,-11.345448660464346,0.2806855634529324,1.235513133975093,
1.3313313313313313,-10.871856229829165,0.222676715075699,1.4581052778160122,
1.3413413413413413,-11.791280464062968,0.18779216823546757,1.6205384549380317,
1.3513513513513513,-10.241346059045428,0.24820435841441787,1.354003920718188,
1.3613613613613613,-11.024599351381665,0.25947352444623206,1.3112851329905104,
1.3713713713713713,-11.34666086758734,0.1386196092431504,1.906365195490893,
1.3813813813813813,-10.53314365021767,0.22987000349249292,1.4276581545012579,
1.3913913913913913,-11.764007966651626,0.23505863711554492,1.4062577619080123,
1.4014014014014013,-11.536548032047497,0.1851218248320004,1.6341311727606795,
1.4114114114114114,-10.22940527776507,0.268785340665581,1.2773131815872574,
1.4214214214214214,-11.836888512326297,0.19249722064837368,1.597029117722951,
1.4314314314314314,-11.652254653793992,0.2062788226735771,1.5311868580120138,
1.4414414414414414,-11.39237185954557,0.19134640878580653,1.602728427523858,
1.4514514514514514,-10.61054898776826,0.2007789523790734,1.556945313698996,
1.4614614614614614,-11.847499698646342,0.1451862456552399,1.863129298515713,
1.4714714714714714,-13.167956311730618,0.12799745587028527,1.9805200297174428,
1.4814814814814814,-12.646014746113721,0.27972525316124863,1.2388222079636393,
1.4914914914914914,-12.349030072880534,0.1576519325840836,1.7858652786440434,
1.5015015015015014,-12.098537222534658,0.15043038252718466,1.8298951842351308,
1.5115115115115114,-11.752089013037683,0.09233049431981427,2.2795475632510063,
1.5215215215215214,-12.432113734616173,0.1680519126155249,1.725680127302426,
1.5315315315315314,-12.19986003745517,0.1338455103296251,1.9390154002493656,
1.5415415415415414,-11.90678756415649,0.28210075800681844,1.2306564745667543,
1.5515515515515514,-12.621138982182858,0.2504908544671317,1.3451875260167805,
1.5615615615615615,-10.755364471038101,0.16559248274111382,1.739589407688831,
1.5715715715715715,-10.281531550126314,0.3126217902672155,1.1312745697965203,
1.5815815815815815,-11.472835047328962,0.24908827434957972,1.3505864477465785,
1.5915915915915915,-10.816281438695132,0.18375843082456889,1.6411430977621255,
1.6016016016016015,-11.790963108922453,0.07502971425632135,2.4647545040943593,
1.6116116116116117,-11.003878505180001,0.3145471286295371,1.1253245187778553,
1.6216216216216217,-9.845282926172597,0.1305213766618202,1.962395654722308,
1.6316316316316317,-10.665965244524308,0.11773006265215541,2.0578361274229495,
1.6416416416416417,-9.702589115279986,0.25112852160048205,1.3427425729331308,
1.6516516516516517,-9.289808188343487,0.32198762031696365,1.1026575989627876,
1.6616616616616617,-8.467748028348998,0.2692136409255259,1.2757780521042772,
1.6716716716716717,-6.570955045695051,0.22819545600261798,1.4346636986382846,
1.6816816816816818,-6.8163431616979215,0.22973771708326432,1.4282097987175957,
1.6916916916916918,-7.570079326055411,0.2426707779390154,1.3756679106138088,
1.7017017017017018,-8.459593755680935,0.23794642948933828,1.3945425662743378,
1.7117117117117118,-9.275404040646373,0.2140595711984688,1.4958433196333214,
1.7217217217217218,-9.352505750060477,0.2052100551975938,1.5361407268901996,
1.7317317317317318,-9.011353775243833,0.1968703436050239,1.5756630413577852,
1.7417417417417418,-8.734662975913814,0.1623017705566662,1.7585078594902197,
1.7517517517517518,-7.90747972687779,0.1859662461566613,1.6298128480684868,
1.7617617617617618,-7.894477834999884,0.11535215929023074,2.0766282284374045,
1.7717717717717718,-6.440943757842566,0.1950830186602625,1.5843404127471217,
1.7817817817817818,-6.705600591080523,0.15057044464245414,1.829022525274137,
1.7917917917917918,-3.985431424490904,0.14482053413921148,1.865488677145564,
1.8018018018018018,-3.359764076725898,0.20899470755767394,1.5187077158609639,
1.8118118118118118,-4.216921633142181,0.26960011431722997,1.2743948597626584,
1.8218218218218218,-5.287814131203293,0.24591583030011566,1.3629066764553366,
1.8318318318318318,-4.8053417159601075,0.12147496981884115,2.0289387890649135,
1.8418418418418419,-5.028804501285959,0.15051859317148314,1.8293454978164247,
1.8518518518518519,-4.3148040071938665,0.2470385593994108,1.3585291687676955,
1.8618618618618619,-3.8415663826203215,0.15087563032308454,1.8271236949813103,
1.8718718718718719,-3.914395295277194,0.1887683425001488,1.6156152403971673,
1.8818818818818819,-4.761189013345599,0.2275026049512276,1.4375766873518965,
1.8918918918918919,-6.276036238031464,0.15158277725681824,1.8227377149558832,
1.901901901901902,-6.722551190098486,0.205268775307298,1.535867913892638,
1.911911911911912,-5.866152395775013,0.13329872525408978,1.9428238398324498,
1.921921921921922,-5.6520586516448095,0.16993161780243932,1.7151784013701896,
1.931931931931932,-6.897797430356798,0.21598909670712685,1.487268525532393,
1.941941941941942,-6.724616504505616,0.12035031332341654,2.037529734896911,
1.951951951951952,-6.33929912477678,0.22202373689801996,1.4609155983339661,
1.961961961961962,-7.2231565609779125,0.19901811005366596,1.5653343797968267,
1.971971971971972,-7.069431455032385,0.2276244977208574,1.437063591922827,
1.981981981981982,-7.011222736586385,0.2111957067032331,1.5087074186397078,
1.991991991991992,-8.154193034417007,0.26820702149869224,1.27938976077933,
2.002002002002002,-7.796405674068724,0.20626122513239536,1.5312682263906447,
2.012012012012012,-7.23562114770049,0.17852972294373737,1.6684996031253394,
2.022022022022022,-6.152569904525214,0.2061148751516142,1.5319451832634878,
2.032032032032032,-5.098767852490311,0.22716490145181942,1.438999593077823,
2.042042042042042,-6.476437220447401,0.20244300351628522,1.54908154534164,
2.052052052052052,-7.414262260362524,0.20202958456019413,1.5510294642340574,
2.062062062062062,-6.899226993153865,0.16490041560966223,1.7435385206901797,
2.0720720720720722,-6.385441042241656,0.1668549541224526,1.7324253505906777,
2.0820820820820822,-5.870393355935608,0.1298697364100153,1.9670437437282309,
2.0920920920920922,-2.017661865280887,0.28747883715934697,1.212412192125543,
2.1021021021021022,-1.4467713545877199,0.13780683823043577,1.9118490047559302,
2.1121121121121122,-0.31120571440712097,0.16535474011020465,1.7409442704818476,
2.1221221221221223,0.6427960490860813,0.16407963672154013,1.748242402164507,1.396682088813238
2.1321321321321323,1.2941873003918793,0.24474621884722209,1.367487449591135,1.8035968888055944
2.1421421421421423,0.9789180557515338,0.1852525160853986,1.633461603864457,1.6909252805630224
2.1521521521521523,1.7378872762448012,0.2623871036336867,1.3005310493161866,2.0648472941357587
2.1621621621621623,0.9650620617072294,0.16632546878780657,1.7354237372337986,1.7337047690983027
2.1721721721721723,0.7282434549672205,0.2139497081111901,1.4963337696956514,1.4248756538550233
2.1821821821821823,0.24287990713811708,0.15823264733701214,1.7824074519603792,0.8859384775601944
2.1921921921921923,0.3247540465244396,0.3072574563886694,1.1480416694686604,0.8624401134166395
2.2022022022022023,2.6394126131979485,0.14062007904852436,1.8929946454881663,3.0146143749812198
2.2122122122122123,0.7721474206062005,0.21549103551135138,1.4894748746595359,1.487023589784992
2.2222222222222223,1.4584076109807138,0.23168884404660495,1.4201041485373302,2.0125406177809064
2.2322322322322323,-0.15430826020893784,0.22068995487257492,1.4666806566985002,
2.2422422422422423,-0.6262401259983713,0.1907356170561146,1.6057665747687182,
2.2522522522522523,0.46271047096899476,0.1935089650133287,1.5920452209502902,1.199783795477323
2.2622622622622623,0.5269904900644575,0.20219057359895548,1.5502704760370407,1.2714556796194096
2.2722722722722724,-0.5507542878648486,0.1926498999185756,1.5962754197713729,
2.2822822822822824,-1.266057997124817,0.2481939558397455,1.3540442096749357,
2.2922922922922924,-0.5864602481901411,0.3105261500795676,1.1377914144379073,
2.3023023023023024,-1.3168268799072778,0.17212541074960833,1.703059759152313,
2.3123123123123124,-1.100368290325303,0.13150985102104612,1.9553859457988074,
2.3223223223223224,-1.054796450421489,0.19558589758243727,1.5818913392787437,
2.3323323323323324,-1.7063967980273063,0.3289854668827159,1.0817980430731156,
2.3423423423423424,0.4375472912980194,0.15981627160151346,1.7730381816542105,1.25708572359849
2.3523523523523524,1.0714663136160305,0.2819558402722034,1.2311527200950678,1.7058586193381837
2.3623623623623624,-0.9536762730415766,0.28388504070382203,1.224566606125144,
2.3723723723723724,-0.767221958272149,0.17232058791460028,1.7019886694195854,
2.3823823823823824,-1.4290084230405369,0.2284491539592638,1.4335991823286445,
2.3923923923923924,-0.5765750882443129,0.28141983115642694,1.2329903327788387,
2.4024024024024024,-1.3690958266770137,0.18104361295062565,1.6552535369454981,
2.4124124124124124,-1.4838322681439127,0.18982098199488193,1.6103334032919727,
2.4224224224224224,-0.9788449891634555,0.1709159543025678,1.7097226964257082,
2.4324324324324325,-0.11308979499333405,0.14926216346535667,1.8372036077583762,
2.4424424424424425,-1.3133862020491103,0.16753612274669966,1.7285811823395878,
2.4524524524524525,-1.6478874378900588,0.13880298666188717,1.905132085132111,
2.4624624624624625,-2.122832749051015,0.20170417341296132,1.5525653872285403,
2.4724724724724725,-2.7761619816247265,0.16150133844706793,1.763164208050515,
2.4824824824824825,-1.0107077413436296,0.2116892955895374,1.506478446838415,
2.4924924924924925,-0.6057260303826741,0.12220521768981864,2.0233998841904586,
2.5025025025025025,-1.8666099847177193,0.21654401161072287,1.4848160411880098,
2.5125125125125125,-0.9487480376629432,0.24167644808044625,1.379610952611687,
2.5225225225225225,1.1734081593496901,0.10031321787142723,2.204431524259358,2.3777879925473604
2.5325325325325325,2.205873419900837,0.21870282849237863,1.4753318103325541,2.784586859053773
2.5425425425425425,0.6865034539468238,0.2613834496236646,1.3042225149306284,1.483038661399239
2.5525525525525525,0.2022693810805724,0.13951794906543974,1.9003388327197046,0.9385448832986899
2.5625625625625625,1.4691805302671952,0.2836286193418852,1.2254395096698847,2.1284840631176554
2.5725725725725725,0.7615110646484144,0.22095095046830227,1.4655499266418013,1.6508378937228518
2.5825825825825826,1.2053304927946429,0.16474940721207956,1.7444022900795242,2.2331577327408003
2.5925925925925926,1.9799645462239797,0.19721154611711472,1.574015045645912,2.7546930437722614
2.6026026026026026,1.0530340746458968,0.22791634562608615,1.435836156063412,1.9419104236512723
2.6126126126126126,0.9935087185840967,0.20380026957062058,1.5427130195378216,1.9466276219682102
2.6226226226226226,-2.2477586214849756,0.22693779962231847,1.4399576211437093,
2.6326326326326326,-3.2721462628192652,0.1539663203460317,1.8080942359916687,
2.6426426426426426,-3.5247144142124256,0.2084680412018039,1.5211155396668272,
2.6526526526526526,-4.772497596177275,0.129314275154751,1.9710229256668876,
2.6626626626626626,-3.14008629224564,0.194438696932565,1.5874871189403432,
2.6726726726726726,-4.570227670206273,0.15480461792676053,1.8029946404991117,
2.6826826826826826,-5.010272156903256,0.16322350287051168,1.7531725941932292,
2.6926926926926926,-4.879531579617165,0.2618046587605219,1.3026716370127176,
2.7027027027027026,-3.4382582905510493,0.25456550602971345,1.3296663984987327,
2.7127127127127126,-4.874120441730488,0.23045690604535887,1.4252143903344257,
2.7227227227227226,-3.7109566895755286,0.14538436176637107,1.8618534782463771,
2.7327327327327327,-3.7007236285559415,0.18417957751525993,1.6389718907801716,
2.7427427427427427,-4.682232279603893,0.26065488499895917,1.3069107567649225,
2.7527527527527527,-4.2201288053406225,0.20708584568199526,1.5274624014504286,
2.7627627627627627,-4.0210691097671525,0.31596647699908476,1.1209607341940802,
2.7727727727727727,-4.6212859869259475,0.2196658919697186,1.4711296697784806,
2.7827827827827827,-4.551483901935929,0.2096024558245016,1.5159363862376096,
2.7927927927927927,-4.936797498797689,0.18454417678987495,1.637096011688691,
2.8028028028028027,-4.823280153546441,0.20667704523911412,1.5293473048041815,
2.8128128128128127,-4.1611494790253944,0.19237650818097282,1.597625414604582,
2.8228228228228227,-2.5751326628800424,0.23540543383442952,1.404843604185887,
2.8328328328328327,-3.8129481617068914,0.24783511583972923,1.3554349842554803,
2.8428428428428427,-1.6799147870506248,0.16070052697460252,1.7678445620476524,
2.8528528528528527,-3.632002586573127,0.1334383523221111,1.9418499366299913,
2.8628628628628627,-3.78378768160871,0.10818973134483517,2.1354640530392146,
2.8728728728728727,-3.1954704751241336,0.2253995663456272,1.446470926359751,
2.8828828828828827,-2.914478607389101,0.14483166969130634,1.8654167541819169,
2.8928928928928928,-3.537178127209695,0.09235547035237586,2.2793035207957697,
2.9029029029029028,-3.7453003775669704,0.21942893022654822,1.472161969655355,
2.9129129129129128,-4.238301312225803,0.3246499758716396,1.0946701415357736,
2.9229229229229228,-4.827666069170014,0.19969645442300535,1.562094249071254,
2.932932932932933,-3.97806397214899,0.2419245387225821,1.378625685828235,
2.942942942942943,-3.6210484861839425,0.20409146792737826,1.5413519350568947,
2.952952952952953,-4.313958081444596,0.19505551734044288,1.5844745202129988,
2.962962962962963,-3.4143582060113458,0.24595382414938843,1.3627582251884474,
2.972972972972973,-3.1070586851347364,0.18548627279056745,1.6322651179269945,
2.982982982982983,-2.2941965662957764,0.21336961570359517,1.498927410085861,
2.992992992992993,-1.6645677243721642,0.2160848903098007,1.4868447293978722,
3.003003003003003,-2.4935627352942364,0.16659547731784757,1.7338936008919252,
3.013013013013013,-3.0537437754912062,0.24960211747682615,1.3486051374950743,
3.023023023023023,-2.3064501703679445,0.19125201216522958,1.6031973643969029,
3.033033033033033,-1.6960799049344797,0.16221274202535776,1.7590246942245418,
3.043043043043043,-1.7169814988986278,0.2268254921785202,1.4404317289855182,
3.053053053053053,-1.5996541155898458,0.15507660091044814,1.8013456648691815,
3.063063063063063,-0.3219892198014209,0.20140905786845642,1.5539603594040392,
3.073073073073073,-0.9135606086372509,0.19954405016778984,1.5628212983914416,
3.083083083083083,-0.36646322746721294,0.2542947782915789,1.3306902143147756,
3.093093093093093,-0.568655879901107,0.22373491164399764,1.4535676620133122,
3.103103103103103,-0.7863370831283273,0.1987486520627428,1.5666243724564854,
3.113113113113113,0.3124397688588628,0.24088831496001437,1.3827473991932393,1.1783966537589516
3.123123123123123,1.1378561178468927,0.2695103774508657,1.274715858450596,2.181327171701494
3.133133133133133,1.951365753847531,0.22789051531759313,1.4359447308261517,3.0021476707332004
3.143143143143143,3.25684456100186,0.20051763099216904,1.5581858716846664,4.0155496268394755
3.153153153153153,3.277848402634619,0.13440818838249202,1.935111347881205,4.402122305006257
3.163163163163163,3.959801373929583,0.14674431684623138,1.8531393562907708,4.765046375523013
3.173173173173173,3.649534617336127,0.18473876478226664,1.6360962863587674,4.361007535924794
3.183183183183183,3.973700969824569,0.16952438989203586,1.7174442034483701,4.649090802228425
3.193193193193193,3.8435579154568846,0.19065143485072772,1.6061860312819327,4.460369023417
3.203203203203203,3.940553880449603,0.20283249624485536,1.5472498252557614,4.458127339424643
3.2132132132132134,4.535710905886517,0.22648463771783656,1.4418720299555505,4.659105545632207
3.2232232232232234,3.717490222653044,0.19647506109704546,1.5775756433801067,4.381121902574795
3.2332332332332334,5.809877498338505,0.22432508219131012,1.4510458875918975,5.307269411763713
3.2432432432432434,4.803860116838803,0.20322372074050601,1.5454133323704988,4.958779421378115
3.2532532532532534,3.5896715040510707,0.10122667168230644,2.1961850726676975,4.943095501942561
3.2632632632632634,4.747782377551139,0.1530332303090623,1.8138012320266501,5.276226953854851
3.2732732732732734,5.539445071514074,0.19279562221391924,1.59555659421448,5.424680340320816
3.2832832832832834,6.1635648885662295,0.13951526285794463,1.9003567986672185,6.148313400635781
3.2932932932932935,6.7919103978305095,0.22999643649981025,1.4271312036678345,5.766512055582392
3.3033033033033035,6.779663624983595,0.2765375416171849,1.2498857160986832,5.4740091969989635
3.3133133133133135,5.882409253497763,0.26093809258486583,1.3058649248452265,5.198857101939143
3.3233233233233235,5.95821381169149,0.1893278564534896,1.612804290062925,5.703944754863731
3.3333333333333335,5.281052100179378,0.27453630684249763,1.2568944172399275,4.869384060301429
3.3433433433433435,6.256171833597129,0.2074333728601056,1.525862807060206,5.738000415444646
3.3533533533533535,6.109114452094991,0.18314570144409803,1.6443104451312234,5.853081546293015
3.3633633633633635,5.283617255302479,0.16932986682295303,1.718528337658822,5.550451178418214
3.3733733733733735,4.962231413649485,0.1848765156755936,1.6353891739533977,5.283005687841166
3.3833833833833835,5.37516286792511,0.18059115907293857,1.6576246735548459,5.53827884750569
3.3933933933933935,4.811438315121135,0.2085208111187744,1.5208740235871983,5.071610831586051
3.4034034034034035,3.989217919554704,0.20802869905249324,1.5231285778279722,4.629057556831083
3.4134134134134135,4.232905131046616,0.20015230100767073,1.559922768232541,4.82273937757437
3.4234234234234235,4.477871702155339,0.2218469084873175,1.4616780023404574,4.841560252451081
3.4334334334334335,3.970928526784209,0.25953231373931707,1.3110669932630596,4.372972359488285
3.4434434434434436,3.499890221165886,0.2474777067720662,1.3568221382686947,4.169513908772549
3.4534534534534536,3.7319401585235226,0.12575510157750483,1.996902740192793,5.034123608360588
3.4634634634634636,2.2838558170261987,0.07230394325490228,2.497336259264625,4.314198308432317
3.4734734734734736,0.8763920426496434,0.2467159955619637,1.3597848807675885,2.0992777875312214
3.4834834834834836,0.15794782139720742,0.13165606507922895,1.9543532362609428,1.0321547849691115
3.4934934934934936,-0.05549933031463983,0.18876172990536583,1.6156485087974348,
3.5035035035035036,0.25540823528336476,0.14149434869703204,1.887206957058284,1.2987633647837997
3.5135135135135136,1.7307644522329166,0.10990097812099903,2.121089059175446,3.5487155056447204
3.5235235235235236,2.588424075434936,0.2270731364102394,1.4393865930035945,3.7226981742377867
3.5335335335335336,2.4284855454715086,0.23795775801513236,1.3944968779092,3.566490309489856
3.5435435435435436,2.4094693375688196,0.17117447996366403,1.7082947343446355,3.859454318178383
3.5535535535535536,1.4069399729310108,0.07044788539275451,2.520145690628107,3.4512676487309677
3.5635635635635636,1.3884268369386208,0.17268777758737586,1.6999767166462045,2.9338406941617685
3.5735735735735736,1.0997681980184826,0.21959020027012732,1.4714592971979341,2.4687193123720763
3.5835835835835836,1.4224867583565721,0.12605442156129357,1.9947003147492375,3.1762727406188342
3.5935935935935936,0.5952558148042492,0.2091679959889578,1.5179167382678644,1.8450629589254393
3.6036036036036037,1.1146023290454214,0.19923450754135022,1.5642996103876714,2.559543658654891
3.6136136136136137,2.6473412420479994,0.22896457498005443,1.4314399598773455,3.813292082965253
3.6236236236236237,2.5385810935911417,0.20597901842070768,1.5325740129572383,3.843776226140919
3.6336336336336337,2.940292815690083,0.15134655295592223,1.8242007244810625,4.442458447121119
3.6436436436436437,3.6304368074011952,0.2598285750832246,1.3099684287217952,4.330965979186048
3.6536536536536537,3.229216335515359,0.19207352134865152,1.5991236807283475,4.430995490774715
3.6636636636636637,3.4533088173257758,0.1986347730245034,1.5671700531626198,4.552604917690465
3.6736736736736737,3.465901218107571,0.1533366020463402,1.8119421642172089,4.841216585197759
3.6836836836836837,3.5635773166564024,0.1778358874404245,1.6721866365321214,4.7614100639524155
3.6936936936936937,2.790567532800936,0.15575986429865496,1.7972151385729431,4.343620100032965
3.7037037037037037,2.8150777070598787,0.19135269700382887,1.602697197168824,4.173835532355285
3.7137137137137137,3.3130759983053286,0.2855854240071172,1.2187974009779978,4.064610631409853
3.7237237237237237,4.7642196061003705,0.13140494285343218,1.956127569599992,5.898799026840416
3.7337337337337337,5.723490432185577,0.11932193010616295,2.045450401196358,6.592197920209918
3.7437437437437437,7.876672889697133,0.2735585163746804,1.260336770147954,6.381499013652189
3.7537537537537538,7.109325326809083,0.18953381614240672,1.6117715525432623,6.6998009771644575
3.7637637637637638,7.981645963529761,0.16654636306700418,1.7341717568368935,7.321098235146706
3.7737737737737738,8.164987969268113,0.25199523436980387,1.3394289648146993,6.688101736982975
3.7837837837837838,10.354790902485785,0.1697192230131568,1.7163595181082592,8.329760006130966
3.793793793793794,9.546492617130633,0.29130048567734684,1.199647220907762,6.940973849717148
3.803803803803804,8.706770774949858,0.23389629356696345,1.411012170403146,7.083921670362769
3.813813813813814,8.107378129505836,0.17560442959271488,1.6841375925747748,7.348137129282979
3.823823823823824,5.983482405196029,0.3078654106632752,1.1461272226999193,5.420091061588946
3.833833833833834,5.457727383515268,0.16971425384983307,1.7163871680832554,6.093070906556146
3.843843843843844,4.69859472196157,0.23710476860046537,1.3979428679120844,5.215657816415275
3.853853853853854,4.8489885084377775,0.2149646290203246,1.4918120934897294,5.44606783720749
3.863863863863864,5.190744484214937,0.2650870644699399,1.2906676333496512,5.325400751267672
3.873873873873874,7.066915323430823,0.27807555983634263,1.2445324727138434,6.132907726451314
3.883883883883884,8.017339161616874,0.20160020745328835,1.5530565985954092,7.1478224223443485
3.893893893893894,7.440435505954471,0.16232910648269083,1.7583492206223574,7.246980799346924
3.903903903903904,6.542020834606113,0.22299860714695582,1.456722803344365,6.311785601264417
3.913913913913914,7.033940006112619,0.1661142315123947,1.7366224517970337,7.031599338384551
3.923923923923924,5.713706799091977,0.3006693623763312,1.1690260758252704,5.417337458400822
3.933933933933934,7.5451655649463305,0.20682676655413687,1.5286565550718711,6.940291658761819
3.943943943943944,8.724605685667617,0.18173392243439457,1.651646688746072,7.708658302676851
3.953953953953954,8.255430033562913,0.20923401529324542,1.5176155566898255,7.259234189978779
3.963963963963964,6.542295504472035,0.1326436855235152,1.9474054678227732,7.150207884621437
3.973973973973974,7.896167878637447,0.15141929807446744,1.8237499635375196,7.662627519548898
3.983983983983984,7.78162803338483,0.2600206953972213,1.3092566733018562,6.671731172218033
3.993993993993994,9.019444345358291,0.1671552860514302,1.7307286087061318,8.042340625228292
4.004004004004004,7.425016686563924,0.14765445086590304,1.8473496608117173,7.500229867444839
4.014014014014014,6.825641663610151,0.22683263762636433,1.4404015576556284,6.518899330293726
4.024024024024024,6.830885363328334,0.2592852077331499,1.3119842092541645,6.290998669961033
4.034034034034034,6.877865957093076,0.23594766553325336,1.4026365074172495,6.492512546335463
4.044044044044044,6.427800485613832,0.24980238429029084,1.347833997380934,6.185710375330045
4.054054054054054,7.0506504179613305,0.16216024557152697,1.759329575595196,7.216904357557078
4.064064064064064,5.983029988578736,0.1289094666629078,1.9739328770236781,6.970796469395346
4.074074074074074,5.840650503557443,0.27506668259777434,1.255032152053862,5.7540090493390315
4.084084084084084,5.960946135269342,0.18386600805789322,1.6405880386621554,6.479213579466344
4.094094094094094,6.475384969328092,0.18745834917724763,1.6222276071232187,6.731735759114072
4.104104104104104,7.186999847416981,0.26640970709245293,1.2858710679786305,6.471199596676101
4.114114114114114,6.062357755579112,0.227811500470033,1.4362769339519088,6.220543448248028
4.124124124124124,4.528243584843489,0.2227943886040804,1.4575996673497214,5.415150769681568
4.134134134134134,5.805920406741998,0.30825011724505424,1.1449176731391768,5.574571907510781
4.1441441441441444,6.13823441872159,0.16782408848099287,1.7269604843085349,6.765108165844622
4.1541541541541545,5.389747882165036,0.24639200640406186,1.3610477306928217,5.770922623006343
4.1641641641641645,6.940899857687559,0.20285065624485424,1.547164503579751,6.902456556135108
4.1741741741741745,7.056574491980418,0.21342961394316284,1.4986588409570567,6.880605783169597
4.1841841841841845,8.235871676044244,0.2764234213206266,1.2502840688851706,6.922646771503821
4.1941941941941945,8.303390157454354,0.22539178781448121,1.446503970854209,7.377899076204012
4.2042042042042045,10.364138082336341,0.22691480395248165,1.440054679468097,8.238658180208262
4.2142142142142145,12.119478924779546,0.25362536686549014,1.3332262485654274,8.649697486244037
4.2242242242242245,11.870514776300473,0.18175236352285573,1.6515505127463002,9.33783056656109
4.2342342342342345,12.842085727254828,0.1580395166330497,1.78355610918444,10.02863903349997
4.2442442442442445,13.487461676839976,0.14775954029894833,1.8466833020586018,10.434811579356547
4.2542542542542545,14.856093234372324,0.10168217053119992,2.1920982048847315,11.743832914733048
4.2642642642642645,13.89116977379222,0.30281035649701615,1.162158161853266,8.82141168818744
4.2742742742742745,14.57722123379066,0.14483958171391587,1.8653656546847868,10.933333784728031
4.2842842842842845,15.635645720640248,0.1889373188207114,1.6147654846749613,10.701790176009823
4.2942942942942945,13.876906234217135,0.18615933500555398,1.628828016301446,10.129646737002236
4.3043043043043046,12.69364772155136,0.21537033489045504,1.4900102969942206,9.360693249067591
4.314314314314315,10.65441554379126,0.24078686062696486,1.383151861440405,8.334722110694191
4.324324324324325,10.385008709346701,0.24302367441798728,1.3742722198578097,8.217661836147094
4.334334334334335,11.102550965142663,0.17084612807155308,1.7101087304258644,9.284789553392654
4.344344344344345,12.604908017238692,0.19164391431067943,1.6012519375841774,9.648026009349143
4.354354354354355,12.679002797658468,0.214128997524415,1.4955335110779657,9.427085767477605
4.364364364364365,14.307618343229759,0.18756544369082265,1.6216853890688514,10.356585382613238
4.374374374374375,12.927516885014867,0.28036727880099965,1.2366086786850454,8.843510946441379
4.384384384384385,11.224134445659713,0.22454874758191257,1.4500918338854836,8.792958098755134
4.394394394394395,11.168586746763093,0.23674388930249088,1.3994043657067436,8.657670736698746
4.404404404404405,11.5526521957024,0.23314406343337066,1.4141011576746079,8.852790302630588
4.414414414414415,11.519957447608308,0.2586736928742663,1.3142576733481122,8.595387195268497
4.424424424424425,9.452515347568431,0.20905107793518535,1.5184503437793713,8.258869349640012
4.434434434434435,9.363395308055642,0.13515840260220768,1.9299297010915357,9.058097972311872
4.444444444444445,8.05892580755079,0.2199843975876321,1.4697438089354589,7.544913611102115
4.454454454454455,8.728598356380827,0.16743215531040856,1.729166966736059,8.389567962940466
4.464464464464465,9.095196602477674,0.17356916591251217,1.6951637565525093,8.506189534209227
4.474474474474475,8.15531681615032,0.22931820093775468,1.4299612278805278,7.533633732368663
4.484484484484485,7.641449898813626,0.2619141535716818,1.3022688743708644,7.032841433943362
4.494494494494495,6.582236376924675,0.2010635788368031,1.5555958693928402,7.0164058199273605
4.504504504504505,6.519557279651503,0.2154416506299482,1.489693909043684,6.87103214556642
4.514514514514515,7.474699600152741,0.2851107472317619,1.2204045787476954,6.80104535600688
4.524524524524525,6.488973553817197,0.21203765897442842,1.5049082764763029,6.898755390925016
4.534534534534535,6.993020069335041,0.3300841557090197,1.0785621752079226,6.275509259361802
4.544544544544545,6.4627624509626,0.22827548228157724,1.4343277861060326,6.769320588402349
4.554554554554555,5.669889618700256,0.11196186204220912,2.104046889331788,7.399161960084841
4.564564564564565,5.562859258745698,0.23766708105522663,1.3956698497633895,6.226298998672616
4.574574574574575,4.527616936326324,0.2190579192441389,1.4737803849439028,5.747367296672217
4.584584584584585,3.973967630979142,0.2644876377041373,1.2928490547328915,5.115449616278654
4.594594594594595,2.7760897383902936,0.23365906756349794,1.4119852948566889,4.433954475437993
4.604604604604605,4.740814871306683,0.1930772008008113,1.5941690727244944,6.089349974363156
4.614614614614615,4.7760784232784115,0.13878508818553173,1.905252375411795,6.571039596401273
4.624624624624625,4.076352915285826,0.18954883713569876,1.6116962749376047,5.683967653757048
4.634634634634635,4.290332826020048,0.157473977289535,1.7869272992520104,6.083789252429322
4.644644644644645,4.178004776329218,0.17097382750976386,1.7094028575653812,5.904594281177907
4.654654654654655,3.9570351767959955,0.2294289202210305,1.4294986902260693,5.3555814244061075
4.664664664664665,4.571201876839421,0.2834952252175703,1.2258939082702693,5.419051813788493
4.674674674674675,5.328709586886726,0.21973357649114905,1.4708350045619667,6.300003462949232
4.684684684684685,4.798208439276198,0.14020584689824078,1.895748612991374,6.624173866797277
4.694694694694695,4.222390198631518,0.22223013341100706,1.4600264446196516,5.6037338125030915
4.704704704704705,3.9473385014798743,0.25983157433228254,1.3099573133964881,5.19375790488432
4.714714714714715,1.6454173367442895,0.16951085478403088,1.7175196005477475,3.7410756669795737
4.724724724724725,0.1302262745457372,0.19329914166635412,1.5930767803618933,1.0223777270839223
4.734734734734735,1.4971005419902619,0.20073440973645987,1.557156659989684,3.4386969869137327
4.744744744744745,3.1420682554915453,0.160755084345888,1.7675250044246937,5.246336691642458
4.754754754754755,2.893032215935167,0.23241402169219297,1.417108181195128,4.613229959241284
4.764764764764765,3.469589178990933,0.19395259256961092,1.5898677015091656,5.295590054643053
4.774774774774775,3.780839333534469,0.2209766221953514,1.4654387761992003,5.356416302883405
4.784784784784785,6.8597201419897065,0.155625391109895,1.7980267208262044,7.838366103836697
4.794794794794795,7.979295053424283,0.17812708498382948,1.6706375605698904,8.21766337183932
4.804804804804805,7.851377461943517,0.2361190678913886,1.4019398443289945,7.607390810351714
4.814814814814815,6.895837021343091,0.18135834239541165,1.653607470488723,7.624194013849409
4.824824824824825,5.289390701085519,0.28634819256167027,1.216220189765808,5.911397787859293
4.834834834834835,5.492854336952742,0.1800181907192699,1.660635470776756,6.830379424500208
4.844844844844845,4.736503591668439,0.2112342362875943,1.50853324605004,6.109970757253168
4.854854854854855,3.314249882070764,0.24662954159365452,1.360121706405951,4.908657746507067
4.864864864864865,2.6676769978282375,0.12908171335334842,1.9726936527254577,5.115391570776827
4.874874874874875,1.5861289942138426,0.11195955940096121,2.104065769520616,4.05162625972934
4.884884884884885,3.273270629286407,0.12371718427149526,2.012028274550718,5.723050916464004
4.894894894894895,4.154910386235858,0.2631292051713591,1.2978103167423987,5.41618625236605
4.904904904904905,4.14693774491924,0.17240709270537768,1.7015143166517757,6.036290867403625
4.914914914914915,5.626881883809267,0.3279099642834126,1.084975796843728,5.879177991497794
4.924924924924925,5.704250191456885,0.17178762006713058,1.7049161959978523,7.099640685486773
4.934934934934935,4.842965990128621,0.20922756515985186,1.5176449783481034,6.250568219872328
4.944944944944945,6.366090067398279,0.2771054976283938,1.2479055432108905,6.6335086144040645
4.954954954954955,6.905000111082938,0.3003046444079562,1.1702007401633199,6.739961203698305
4.964964964964965,5.867753956756482,0.3030751788318199,1.1613119293214083,6.200443708640639
4.974974974974975,5.677415278672873,0.2604183115296571,1.3077852169521766,6.402236562423773
4.984984984984985,4.801797025288116,0.2512031262905731,1.3424569126982988,5.95575882023358
4.994994994994995,3.41899729432378,0.22962634746005917,1.4286744544289705,5.157386721232387
5.005005005005005,4.345174841855421,0.2389180538083319,1.390631537854462,5.757396243370047
5.015015015015015,6.2545914823255515,0.17244071418357335,1.701330012524652,7.495177669419391
5.025025025025025,4.85602390850641,0.15909005582888464,1.7773238312592554,6.727321112602738
5.035035035035035,5.418993145196981,0.1998312771294524,1.5614515134380718,6.754491312751514
5.045045045045045,4.768350576075154,0.1914907688737536,1.602011710685728,6.407636485660953
5.055055055055055,4.281225192310457,0.17733859753363626,1.6748376174380124,6.186498612778587
5.065065065065065,3.6888312680715885,0.2348193723728358,1.4072345959650652,5.361494260291267
5.075075075075075,2.8248404983917723,0.24776526042852554,1.3557059515194558,4.626790320933943
5.085085085085085,2.873362126336599,0.20442034431459238,1.5398169647601998,4.914960574651421
5.095095095095095,2.0424120099255614,0.2738765040527631,1.259215980278022,3.82708685589643
5.105105105105105,2.3128688357054004,0.14291554429332476,1.8778695080795762,4.783175595518012
5.115115115115115,2.2626307262562633,0.1903170270360141,1.6078540322547439,4.450379387266947
5.125125125125125,2.0236826793898537,0.16415888396985975,1.7477872701502184,4.355859471721978
5.135135135135135,1.1161190173482558,0.106673169146347,2.148378679179838,3.5165863163396502
5.145145145145145,0.5393476867799231,0.19586596570786505,1.5805299738619356,2.1641654987502195
5.155155155155155,1.2947389126056792,0.19391262458083583,1.5900636877674803,3.3643715267553547
5.165165165165165,1.79565610023006,0.27567248716210657,1.2529092741301424,3.6052664002070256
5.175175175175175,0.8181008554315089,0.23154058422773888,1.4207177693759763,2.561381000919293
5.185185185185185,0.9174331608607348,0.14879065878353975,1.8401685556805238,3.010969978769764
5.195195195195195,1.668820284232524,0.2927046283167094,1.194997772959994,3.4200712265161437
5.205205205205205,-0.000584996888847833,0.26105168477626767,1.3054457575553264,
5.215215215215215,0.5427751954910872,0.2291048851734308,1.4308529732191304,2.1001134900696052
5.225225225225225,-0.11984856345475947,0.18867579505750842,1.6160809533644376,
5.235235235235235,0.45075010513839986,0.152028038163826,1.8199858836401719,2.1110402759868694
5.245245245245245,-0.312509051404117,0.18138966119644737,1.6534438181597142,
5.255255255255255,-2.117391152068636,0.2544374309852093,1.3301506114890393,
5.265265265265265,-3.7449335899517986,0.29422931529673046,1.189973535303277,
5.275275275275275,-3.6968486432904166,0.27716217641360946,1.2477081482051757,
5.285285285285285,-3.437126141568935,0.1755575289106863,1.6843903161160951,
5.295295295295295,-4.341442766673343,0.14401912833554945,1.8706784743108273,
5.305305305305305,-3.7028503078959694,0.2070443123455602,1.527653741931129,
5.315315315315315,-5.364370370164929,0.11157803172185743,2.1071989859531803,
5.325325325325325,-5.4304501688122455,0.2161583857092391,1.4865197034484212,
5.335335335335335,-6.641466368574703,0.19261987068506659,1.5964236135708723,
5.345345345345345,-7.293302476376862,0.1766981749065879,1.678262004022745,
5.355355355355355,-7.245903805060448,0.12026484663666023,2.0381856191504077,
5.365365365365365,-8.1063171703444,0.22568000532848584,1.445280303658831,
5.375375375375375,-8.490872714574225,0.17336495801690444,1.6962768060258224,
5.385385385385385,-7.484579905359785,0.14150415821448561,1.887142207449073,
5.395395395395395,-8.061471774882934,0.05638688933591754,2.7122556917557974,
5.405405405405405,-7.225779662817792,0.1986242547474682,1.5672204692175753,
5.415415415415415,-8.35548651747541,0.2886125798334872,1.2086082653823909,
5.425425425425425,-7.825682339560126,0.2830629607273935,1.2273678100204741,
5.435435435435435,-6.384113718902226,0.17714518717068642,1.675870561389375,
5.445445445445445,-8.855758219029514,0.16988939698191097,1.7154130781621908,
5.455455455455455,-9.65265347449999,0.22343871280375122,1.4548357082575143,
5.465465465465465,-9.075581347319451,0.15008072804058542,1.832077040737332,
5.475475475475475,-9.278626733362444,0.2150895949909733,1.4912567560783991,
5.485485485485485,-8.907480859991136,0.23830401391923453,1.3931014209956392,
5.495495495495495,-9.511466046706957,0.2613466611942154,1.3043580829736474,
5.505505505505505,-9.424876259234058,0.19499229617600236,1.5847828801791175,
5.515515515515515,-9.580553494626137,0.18981631249115172,1.6103567720005236,
5.525525525525525,-8.41277143296633,0.15610087066217196,1.7951600205814908,
5.535535535535535,-8.158350589665117,0.158655982298007,1.7798942464284744,
5.545545545545545,-7.820747927589915,0.18867605540492366,1.6160796429519406,
5.555555555555555,-8.232624893712382,0.2183682753408089,1.476795710406349,
5.565565565565565,-8.720231117784875,0.24567923131166247,1.3638316228556235,
5.575575575575575,-9.152789305604497,0.15984105246598276,1.7728922647976768,
5.585585585585585,-8.7583371632262,0.2746344284479761,1.256549629286624,
5.595595595595595,-9.179321644046462,0.18644381994787157,1.627378792124212,
5.605605605605605,-8.88954678715005,0.1989316352825782,1.5657481844385885,
5.615615615615615,-6.8141459885046105,0.16263941604260884,1.7565501599930422,
5.625625625625625,-5.943021285072918,0.07878798698635292,2.42150391982062,
5.635635635635635,-6.26904481724076,0.2442022698180525,1.3696249910060176,
5.645645645645645,-5.067830895076815,0.23684219485462168,1.3990060337578254,
5.655655655655655,-5.475906268098367,0.18593362214408934,1.6299793396408815,
5.665665665665665,-7.514030803276221,0.2033495358612436,1.5448234448309557,
5.675675675675675,-8.522117114193625,0.22579696088520498,1.444784179489469,
5.685685685685685,-10.39290903521948,0.12187270715567287,2.02591816140022,
5.6956956956956954,-10.74442251926079,0.17354736613268526,1.6952825187326328,
5.7057057057057055,-10.726004140071238,0.23971323398109137,1.3874420835770407,
5.7157157157157155,-9.049566827795955,0.13728552884153755,1.9153822030991077,
5.7257257257257255,-8.722639454031793,0.21467789660833148,1.4930874730835908,
5.7357357357357355,-8.941739982840657,0.13217090976882975,1.9507253551932284,
5.7457457457457455,-8.112334401657169,0.22332149912167631,1.4553379519430045,
5.7557557557557555,-10.323469710665053,0.19821792588512582,1.5691700271554156,
5.7657657657657655,-10.087855152556488,0.11924340920472454,2.0460577595071157,
5.7757757757757755,-9.31698995866952,0.2582369677228586,1.3158844812317112,
5.7857857857857855,-10.795576204449361,0.16327042116009755,1.752901776804417,
5.7957957957957955,-9.651822161242432,0.15948737814928096,1.774976820130285,
5.8058058058058055,-9.313325753748018,0.21002845986154717,1.513998377989415,
5.8158158158158155,-9.728613667648819,0.25743186747143576,1.3188904461292563,
5.8258258258258255,-9.095831801542534,0.14920890905108017,1.837538045761502,
5.8358358358358355,-6.825138943738138,0.20308399249239859,1.5460688600505,
5.8458458458458455,-6.643272688679643,0.22144082501652868,1.463431053610411,
5.8558558558558556,-6.3950521023793065,0.23465528036315722,1.4079050781439015,
5.865865865865866,-6.854413001919551,0.20882207776386127,1.5194963096679925,
5.875875875875876,-7.704257371384343,0.18164860804583388,1.6520917501830763,
5.885885885885886,-6.873921554840098,0.15862048896756403,1.7801047166723123,
5.895895895895896,-7.730005380748965,0.20430719415231874,1.540344806593292,
5.905905905905906,-7.658439143529573,0.14639304940071968,1.8553828930303335,
5.915915915915916,-8.13609659029469,0.05393247582526964,2.7499278178257436,
5.925925925925926,-7.657116764548298,0.2218279902078834,1.4617596038224347,
5.935935935935936,-7.323454659261349,0.24519674205430977,1.365720493837859,
5.945945945945946,-6.28591471500345,0.08185337822290809,2.3875616882161093,
5.955955955955956,-6.795931113858197,0.14951346476450314,1.8356269417340594,
5.965965965965966,-7.065806049151568,0.23095771305025992,1.4231338254089252,
5.975975975975976,-8.044569764933875,0.30287477348558495,1.1619522532078161,
5.985985985985986,-8.488863025009987,0.2010396853837704,1.5557090808038079,
5.995995995995996,-8.111562531965134,0.1635998529385433,1.751002323884453,
6.006006006006006,-7.354573915319783,0.190855177944758,1.6051711383510303,
6.016016016016016,-8.276739239497408,0.26874382095740923,1.2774621234224348,
6.026026026026026,-7.407133319391748,0.16770179104377325,1.727648464841524,
6.036036036036036,-6.051495460586796,0.16004039966748734,1.771719225062133,
6.046046046046046,-5.6380605573630955,0.17586282389089838,1.682746383323158,
6.056056056056056,-3.76126474480503,0.1523335695870644,1.818101989206923,
6.066066066066066,-4.535053943908602,0.2061335157997398,1.5318589335583304,
6.076076076076076,-5.779708647220019,0.28123392292347804,1.2336284758885536,
6.086086086086086,-7.558428896124298,0.21615396365580147,1.4865392565446123,
6.096096096096096,-6.062384584635114,0.18738232489368564,1.6226126955373257,
6.106106106106106,-5.408018928281057,0.18540943655422282,1.6326582470174262,
6.116116116116116,-5.4636035991915115,0.12184045956516715,2.026162727047567,
6.126126126126126,-5.183634972871691,0.24415548885735797,1.369809038401885,
6.136136136136136,-6.309124020170068,0.1961081401493599,1.5793542957503914,
6.146146146146146,-3.8633720405532417,0.19097600432046874,1.6045697595398039,
6.156156156156156,-3.734150858578014,0.35965537839224304,0.9951841171261516,
6.166166166166166,-3.624756063973121,0.21493764541828433,1.4919320466600319,
6.176176176176176,-2.898989440074429,0.1624104474952408,1.7578773222682471,
6.186186186186186,-2.417980208337716,0.17868212018972285,1.667691583668627,
6.196196196196196,-2.1940961840585844,0.25742228545983775,1.3189262765011307,
6.206206206206206,-2.9845706395038962,0.20566352052688824,1.5340358612299947,
6.216216216216216,-2.5131022823679006,0.12808610108413165,1.9798778674831505,
6.226226226226226,-0.6310777858928669,0.2459614467287602,1.3627284445594803,
6.236236236236236,0.7143422602621108,0.1665927957230503,1.7339087859646016,2.827440690052228
6.246246246246246,2.307528886901508,0.29366488881087727,1.1918305250368102,4.377237896873409
6.256256256256256,1.7963132104703226,0.2540024032857324,1.331797072522209,4.0403338603192305
6.266266266266266,0.8067083902117417,0.17763390521706246,1.673262527305736,2.9685504004199763
6.276276276276276,0.6809214701120936,0.2640508180867557,1.2944417223211204,2.462922887116523
6.286286286286286,0.7366463824007882,0.20339277552637017,1.5446207948282693,2.7512855273113277
6.296296296296296,1.8308379008717366,0.24263868375611097,1.3757949384467725,4.144109174482413
6.306306306306306,0.13837327115691722,0.22423664086472375,1.451423388882698,1.1647565992801412
6.316316316316316,1.667923590617531,0.15768216725045633,1.7856849530137566,4.396503359574584
6.326326326326326,1.5099156920385415,0.1678225083841269,1.726969370078172,4.130407223925437
6.336336336336336,1.0830346220911213,0.2514980408790581,1.34132848736351,3.164043691755534
6.346346346346346,0.07093024683095384,0.18326123339467296,1.643712464382944,0.8789358897453692
6.356356356356356,-1.5839264250348155,0.17981757683790017,1.6616917899397134,
6.366366366366366,-0.760755841072901,0.15224387103253237,1.8186546989494379,
6.376376376376376,-0.6874378738844971,0.22117995327967307,1.4645588532110572,
6.386386386386386,-1.977398773625551,0.30312624596215726,1.1611488280302626,
6.396396396396396,-3.272477545689167,0.14662335428728637,1.8539113731648493,
6.406406406406406,-3.6082622449792954,0.20121097283363792,1.5548977737949046,
6.416416416416417,-1.9392407196899024,0.2706110277707715,1.270785811406158,
6.426426426426427,-2.1988320710535074,0.19601793043771426,1.5797920730206225,
6.436436436436437,-3.7019750241716136,0.22261858981248672,1.4583551202833829,
6.446446446446447,-3.9477180882575578,0.14688032359265601,1.8522720344198857,
6.456456456456457,-4.220441658005228,0.22141535486038244,1.4635411100697575,
6.466466466466467,-6.917328300946799,0.19064278674977259,1.6062291323309437,
6.476476476476477,-6.971623167464611,0.24928649978399317,1.349821651873142,
6.486486486486487,-7.2025576976732895,0.2593693025782376,1.311671968869424,
6.496496496496497,-6.506351332859871,0.3294781821009307,1.0803455988468935,
6.506506506506507,-4.657395237914526,0.2289816586606788,1.4313684720009727,
6.516516516516517,-3.530830208366768,0.21628981582910833,1.485938730319921,
6.526526526526527,-3.799718898921599,0.20971921507886682,1.5154048428840836,
6.536536536536537,-4.906244807663269,0.1823416853594656,1.6484818773390524,
6.546546546546547,-2.3328850044134084,0.21692419217308456,1.4831392724608345,
6.556556556556557,-2.27366657039892,0.18522992949304853,1.6335772894356317,
6.566566566566567,-2.2597372784859737,0.20842304881348073,1.5213215058195388,
6.576576576576577,-2.283862365595977,0.265879876780398,1.287789737061172,
6.586586586586587,-2.085777604828122,0.14967287173601795,1.8346281083471705,
6.596596596596597,-2.2301380167520644,0.25699392805645227,1.3205293622020782,
6.606606606606607,-2.8038000236323004,0.2658557533669933,1.28787718261336,
6.616616616616617,-3.3506589648726925,0.19409657365044608,1.5891619969091813,
6.626626626626627,-3.383412235088691,0.09390725504957027,2.2642565560811705,
6.636636636636637,-3.9268370062224562,0.1696089006452784,1.716973566183437,
6.646646646646647,-4.639682788899621,0.26484972732805545,1.2915307767514357,
6.656656656656657,-4.533252561207724,0.19885659688505591,1.5661074018245829,
6.666666666666667,-4.788229778628579,0.15003488838525447,1.8323634351104405,
6.676676676676677,-3.28423679004589,0.17476125393858913,1.6886908065917718,
6.686686686686687,-5.935206598438902,0.24203100132522767,1.3782031779053368,
6.696696696696697,-4.843699746516441,0.227336678410069,1.4382755619131484,
6.706706706706707,-3.5976145540188114,0.1880533950415153,1.6192186127156951,
6.716716716716717,-5.671004786426961,0.18165877940926564,1.6520386786077974,
6.726726726726727,-6.01369238050731,0.1804120925478089,1.658564647361119,
6.736736736736737,-6.385133246503101,0.15387949077507487,1.8086239336119625,
6.746746746746747,-7.792644941220923,0.2807687844734721,1.2352268827108117,
6.756756756756757,-8.570461628811797,0.183883976539433,1.6404953579025607,
6.766766766766767,-9.681037474277627,0.26085792604127483,1.3061608537240665,
6.776776776776777,-7.928767030854004,0.27606580259612257,1.2515334156189786,
6.786786786786787,-6.993088637706543,0.24991554490739804,1.3473985280136556,
6.796796796796797,-5.721533542712384,0.1784189843640976,1.6690871556526656,
6.806806806806807,-4.999861478669149,0.22018650451683047,1.4688654094483582,
6.816816816816817,-6.128913249886378,0.1987902196804542,1.5664252646815604,
6.826826826826827,-6.653433516166151,0.1548149069634936,1.8029322107219934,
6.836836836836837,-6.164058954938233,0.21621796408608016,1.4862563016272938,
6.846846846846847,-7.386186763830178,0.14104801044200987,1.8901575427555004,
6.856856856856857,-6.67318833365779,0.2593839694230782,1.3116175215162238,
6.866866866866867,-6.913513731815925,0.17676913513508036,1.6778819963088787,
6.876876876876877,-7.288334539365523,0.21005798279364196,1.513864209202206,
6.886886886886887,-6.577374571162031,0.21416439357730713,1.495375596401246,
6.896896896896897,-6.133111259675991,0.18705475131479615,1.6242736634024555,
6.906906906906907,-6.494077425495071,0.22933469007376375,1.4298923297862083,
6.916916916916917,-5.334747622130823,0.17625481716887378,1.6806395580629823,
6.926926926926927,-6.415810949730721,0.24356486487286222,1.3721356114713874,
6.936936936936937,-5.799875342786457,0.1327010159876626,1.9470036347793334,
6.946946946946947,-5.206774084818074,0.2063189789773206,1.531001206102986,
6.956956956956957,-5.516320524132064,0.29694644995291425,1.1810819767304432,
6.966966966966967,-5.190187501889946,0.14998343376972129,1.832685008048078,
6.976976976976977,-6.44130107827525,0.16611275147375743,1.7366308556883243,
6.986986986986987,-5.517274059068349,0.22569539248294576,1.44521501745791,
6.996996996996997,-5.702176195511338,0.2089790890969799,1.5187790372999173,
7.007007007007007,-6.224899216030378,0.21753150496367796,1.4804665668222405,
7.017017017017017,-5.175889990193489,0.2244593565073832,1.4504730259153544,
7.027027027027027,-5.880233680736248,0.2317360734280885,1.4199087536376194,
7.037037037037037,-7.288694977099808,0.25548499209781117,1.3261969668364155,
7.047047047047047,-8.84532415062371,0.22049093284642562,1.4675437542110124,
7.057057057057057,-8.239314199278072,0.1879371172690729,1.6198058882799802,
7.067067067067067,-9.519743551774354,0.23362868506013656,1.4121099953164775,
7.077077077077077,-7.764949369789989,0.2949940967447608,1.187462857497245,
7.087087087087087,-9.846878777673712,0.19336831268087135,1.592736595700225,
7.097097097097097,-8.150422409383674,0.15127353476646793,1.8246533819161066,
7.107107107107107,-7.9394049421810555,0.25535403346434865,1.3266903692797667,
7.117117117117117,-8.036118054051448,0.1939809418023201,1.5897287120397243,
7.127127127127127,-8.581037140860397,0.0913665226992982,2.2890123932313546,
7.137137137137137,-8.181901026508326,0.2423710838575211,1.3768547196264527,
7.147147147147147,-8.219535728933174,0.17323359070230387,1.6969934881877262,
7.157157157157157,-7.116233846916653,0.19547333588479196,1.5824390058498572,
7.167167167167167,-7.002006198254613,0.21659901652845073,1.484573270519226,
7.177177177177177,-6.851704436792736,0.20952498398895333,1.5162892306710385,
7.187187187187187,-7.215316649006592,0.235472590856952,1.4045699841843247,
7.197197197197197,-7.27226227272766,0.17822568147150786,1.6701136027371226,
7.207207207207207,-6.964460503835601,0.22565528990880415,1.445385177704777,
7.217217217217217,-8.674628896492226,0.18702266612080415,1.6244365004118517,
7.227227227227227,-10.02281431859794,0.23694052404437516,1.3986077646921422,
7.237237237237237,-9.279550224575225,0.2307683742006527,1.4239199105488751,
7.247247247247247,-9.108684786447283,0.15322806489777024,1.8126068849512802,
7.257257257257257,-9.292668122799961,0.25429910580875165,1.3306738406210838,
7.267267267267267,-9.274234189734567,0.1732018277442976,1.6971668500216914,
7.277277277277277,-8.926652484372896,0.24040288991405728,1.384684098632468,
7.287287287287287,-9.466412164682257,0.21836436567006703,1.4768128305785937,
7.297297297297297,-10.24471689008457,0.29190918383975617,1.1976290225937156,
7.307307307307307,-10.048871634986888,0.1888267008814074,1.615321683509831,
7.317317317317317,-11.02724441260192,0.18253416019409013,1.6474816854439573,
7.327327327327327,-10.618991656887449,0.19902901970561337,1.5652821863900392,
7.337337337337337,-12.32157526112529,0.18484101085828625,1.6355713819116662,
7.347347347347347,-11.292419623799645,0.23999709509710251,1.3863059807989888,
7.357357357357357,-10.819822141386602,0.11918446957817061,2.0465138993620995,
7.367367367367367,-10.563792407072727,0.1473158790426823,1.8494995265068346,
7.377377377377377,-9.581101423127214,0.14660985392104037,1.8539975732605007,
7.387387387387387,-7.915626978664637,0.2475153795986788,1.3566758340650975,
7.397397397397397,-6.901256913646506,0.28553066862909626,1.2189826619744744,
7.407407407407407,-8.742131144978151,0.19477753907312645,1.5858310643257518,
7.4174174174174174,-10.021708111713853,0.19155891384049947,1.6016735639493938,
7.4274274274274275,-10.646526689409532,0.20350260815565907,1.544106230202318,
7.4374374374374375,-10.620435639198698,0.2580939151304095,1.3164179302663086,
7.4474474474474475,-10.102776618729575,0.15363234329047132,1.810133176978522,
7.4574574574574575,-10.82852043188304,0.21191844913673927,1.5054453108289165,
7.4674674674674675,-10.641753667405963,0.2487598814891215,1.351854745801814,
7.4774774774774775,-11.397136599759286,0.22505470849699227,1.4479369898173247,
7.4874874874874875,-12.008654402751233,0.2094790808299372,1.5164983547446498,
7.4974974974974975,-13.415315499599455,0.2500523046283571,1.3468724965513845,
7.5075075075075075,-14.338548745710359,0.06483838535003814,2.5924243525011534,
7.5175175175175175,-15.690233351326693,0.2338937659765454,1.4110225338386797,
7.5275275275275275,-16.666106604304026,0.1672962158436288,1.7299334093692893,
7.5375375375375375,-15.612464807696186,0.10846835515717716,2.133109399156952,
7.5475475475475475,-16.56186369652813,0.22556012997624905,1.4457890691303672,
7.5575575575575575,-13.929481631690738,0.2686829272581479,1.277680604863085,
7.5675675675675675,-13.436163730809849,0.19312757426861543,1.5939210526560266,
7.5775775775775776,-13.251327607114975,0.24764372736014695,1.356177550088788,
7.587587587587588,-14.109685387296189,0.28061391289943227,1.2357596525314578,
7.597597597597598,-13.409375507887198,0.2657457226792024,1.2882761325583056,
7.607607607607608,-13.985013334124972,0.28199822646856965,1.2310075504700757,
7.617617617617618,-13.86300351947961,0.23710637455359462,1.3979363688553494,
7.627627627627628,-11.302918981210816,0.20377168194507966,1.542846740309178,
7.637637637637638,-11.398978880935466,0.11990170940514158,2.0409771959992375,
7.647647647647648,-10.24970555464979,0.1876968755935026,1.6210203527063567,
7.657657657657658,-10.952881979775677,0.15783767023419043,1.7847580153039981,
7.667667667667668,-10.98787047027264,0.3085471358748907,1.143984821592094,
7.677677677677678,-9.21706983463713,0.1912057093783832,1.6034274645270388,
7.687687687687688,-9.844036892424898,0.20616024033922428,1.531735292912871,
7.697697697697698,-8.031588334427969,0.2275742688020234,1.437274993645894,
7.707707707707708,-7.323836398972493,0.2021801223186227,1.5503197314660109,
7.717717717717718,-7.886303174866761,0.28475255202153765,1.2216190813441659,
7.727727727727728,-7.2538954358112395,0.1688675319132774,1.7211097922872098,
7.737737737737738,-6.281340986184509,0.20973037276186215,1.515354062620288,
7.747747747747748,-5.659531023967313,0.1628764707150976,1.7551779816431055,
7.757757757757758,-7.229755743857769,0.13399887443896472,1.937949795832763,
7.767767767767768,-7.9568929196826375,0.16941154545473575,1.7180729754932138,
7.777777777777778,-8.204411555234142,0.1981481601475794,1.5695051444502177,
7.787787787787788,-8.278844984334189,0.178534888774137,1.6684722028854897,
7.797797797797798,-7.658172886783511,0.1653789510063072,1.7408062119106056,
7.807807807807808,-7.480471885850257,0.1296841268164083,1.9683716425362734,
7.817817817817818,-8.815816244560358,0.19584472136856526,1.5806331741916113,
7.827827827827828,-8.435618393554394,0.1247639812984499,2.0042303172585663,
7.837837837837838,-7.825032648270571,0.23800279818448014,1.3943152498788713,
7.847847847847848,-7.2652422003395305,0.20412198764672518,1.5412093906365767,
7.857857857857858,-6.184461474784909,0.12712242502675347,1.9868811388547363,
7.867867867867868,-5.350539320236005,0.18453954614750684,1.637119814495621,
7.877877877877878,-4.891359241007568,0.16239217972047085,1.757983283031566,
7.887887887887888,-4.961524952466215,0.21595872552095904,1.4874029268270548,
7.897897897897898,-6.622485885982206,0.26702252230115725,1.2836564681536944,
7.907907907907908,-6.1928676668496205,0.10624137651771277,2.1520864177589734,
7.917917917917918,-5.985179979686509,0.20575130395737087,1.5336289052020045,
7.927927927927928,-5.713601142491136,0.191993360221668,1.5995204523109312,
7.937937937937938,-6.990349718311445,0.2335670038225233,1.412363204609377,
7.947947947947948,-8.071406258719708,0.21065983141188446,1.5111329876678323,
7.957957957957958,-7.018253405386805,0.16240153341305905,1.757929026284797,
7.967967967967968,-7.05780855924346,0.1840473032166691,1.639653318627001,
7.977977977977978,-6.376307861870836,0.16019870715982557,1.7707886588774382,
7.987987987987988,-6.347989485740374,0.2538003569299299,1.3325626856675035,
7.997997997997998,-6.318233346244629,0.20106558243359712,1.5555863765788966,
8.008008008008009,-5.3799495402686315,0.2950595342876504,1.1872483270369318,
8.018018018018019,-5.895994268486005,0.19696695930926897,1.5751961153203302,
8.028028028028029,-5.799873491545021,0.16457966165447688,1.745374127731131,
8.038038038038039,-6.2621487802500635,0.12431428036935865,2.0075728492416025,
8.048048048048049,-6.696645007682379,0.10984301618720275,2.1215725910786567,
8.058058058058059,-7.0058171311510185,0.12079320284972551,2.034137807290009,
8.068068068068069,-6.783683359517306,0.21335633255057418,1.4989868789977376,
8.078078078078079,-7.262431981180783,0.2254362511614967,1.4463150978752572,
8.088088088088089,-6.006675855607263,0.12094046489839333,2.0330125255066283,
8.098098098098099,-6.901283157826767,0.24475191570380578,1.3674650869711464,
8.108108108108109,-7.088154801988126,0.17584694741582804,1.682831807362586,
8.118118118118119,-7.527885860262301,0.20733965059927748,1.5262939389714463,
8.128128128128129,-6.080907975908568,0.2806110314127712,1.2357695677516813,
8.138138138138139,-5.884353199396993,0.2448419657932766,1.3671116679303073,
8.148148148148149,-4.8525086599283584,0.1865734676047084,1.6267190366088915,
8.158158158158159,-6.338069032965331,0.15544038872923563,1.7991443379958556,
8.168168168168169,-6.0710187670960725,0.09240922993353476,2.2787784343690656,
8.178178178178179,-5.181387971472636,0.164042334037879,1.7484567102917565,
8.188188188188189,-5.099103982197211,0.1894434880586153,1.612224350656757,
8.198198198198199,-4.03362360713186,0.1506410236424408,1.828583070222925,
8.208208208208209,-4.550912057232232,0.19343715164538478,1.5923981589229093,
8.218218218218219,-3.141564617046652,0.20384259414793843,1.54251507596833,
8.228228228228229,-0.8426664934274015,0.18875720090959608,1.615671295112344,
8.238238238238239,-1.2055050538670606,0.167499870958827,1.7287853970594547,
8.248248248248249,-1.6510075752678324,0.2084327335983364,1.5212771672288774,
8.258258258258259,-0.19762309815013146,0.22209703247847046,1.4605997513135525,
8.268268268268269,1.381949047580581,0.1454800461278577,1.8612378763178286,4.55537144804195
8.278278278278279,0.8590890204273126,0.2705466189873135,1.2710153682307435,3.084926625895845
8.288288288288289,0.43890220333145535,0.19507059338578692,1.5844010011418814,2.409369525787184
8.298298298298299,0.15711759447094814,0.2009424811472424,1.5561697838664343,1.431912222386677
8.308308308308309,-1.1873329165633288,0.23541072116282788,1.4048220591395606,
8.318318318318319,-2.105984863047527,0.2116608065631751,1.5066069639009494,
8.328328328328329,-3.1101256297995947,0.24765683169566227,1.3561266891483608,
8.338338338338339,-3.8779231949037234,0.21435620826009122,1.494520274734004,
8.348348348348349,-3.9126080822905047,0.16937813126797813,1.7182592360743956,
8.358358358358359,-3.678393349753984,0.2180751762603051,1.4780799839336003,
8.368368368368369,-2.1278928569399067,0.14281368963396693,1.8785358144174933,
8.378378378378379,-3.1262468976786977,0.20542798528882616,1.5351286002810864,
8.388388388388389,-2.141924499202114,0.19833850046777698,1.5685911159760864,
8.398398398398399,-2.355913343427623,0.18959415713637304,1.6114691883970946,
8.408408408408409,-2.405377053080056,0.19357312442805347,1.5917300048456267,
8.418418418418419,-1.7305575609134523,0.10590754772511805,2.1549624080206895,
8.428428428428429,-2.853279582475751,0.17256375461295193,1.7006558266197798,
8.438438438438439,-2.4708698362917003,0.20464224505705575,1.5387826132798141,
8.448448448448449,-2.304417628078644,0.20799281959987004,1.5232931543507782,
8.458458458458459,-1.811966364070495,0.1486162429537021,1.8412675604371196,
8.468468468468469,-1.522797720162677,0.26328539204323503,1.2972386377392175,
8.478478478478479,0.9325024197482172,0.15669125758927496,1.7916119345761772,3.72206298156091
8.488488488488489,0.2947624354969013,0.24847286002633684,1.3529645807724497,1.871169105347254
8.498498498498499,-0.23623451950491636,0.22135971809358426,1.4637815584876512,
8.508508508508509,-0.8593750459296807,0.16768863450780985,1.727722504742565,
8.518518518518519,-1.4148521650899353,0.2887655446304756,1.2080961448541447,
8.528528528528529,-2.052239292396453,0.14031815841217601,1.8950011750684175,
8.538538538538539,-0.8632227612889012,0.2459577086805001,1.362743048616471,
8.548548548548549,0.5572814867009537,0.25002911590214894,1.3469616699973417,2.5753862294109906
8.558558558558559,-0.013464807048522598,0.16646898954616776,1.7346101146675241,
8.568568568568569,-0.8458203801527513,0.26962326500321643,1.2743120639180792,
8.578578578578579,-0.3744048237663472,0.18749767427005237,1.6220284705581325,
8.588588588588589,-0.9266278680473184,0.21443468146399286,1.4941705652969446,
8.598598598598599,-0.2936960502918077,0.21301609193856105,1.5005113489660429,
8.608608608608609,-0.09077302944050797,0.19328456292647261,1.593148493712542,
8.618618618618619,-1.60651714443774,0.24054041365798912,1.3841350395017995,
8.62862862862863,-0.05901194310767832,0.23967443602761065,1.387597465681521,
8.63863863863864,1.7368657299878434,0.11257340133809096,2.0990452338460988,5.451723661090656
8.64864864864865,1.1240770395034572,0.26521701214390764,1.2901953574501788,3.61158880456798
8.65865865865866,0.7363754795674731,0.11687540059821629,2.064549771766705,3.5295036445579298
8.66866866866867,1.022240870292378,0.2516273102170829,1.3408342679937733,3.5007084417580647
8.67867867867868,1.356697660279403,0.2563352568413792,1.3229993997271512,4.013190853145116
8.68868868868869,2.0152419329522333,0.1454516784892401,1.861420344920743,5.609454354573241
8.6986986986987,4.025446471718583,0.17945928560227076,1.6635811292466463,7.582953176989702
8.70870870870871,3.8484992442245334,0.14471476657570323,1.8661720729804194,7.766660668833826
8.71871871871872,3.0502019996860796,0.18925394848556323,1.6131751447675682,6.525875065366987
8.72872872872873,1.6708827716715524,0.18459828579071294,1.636817918155398,4.8603614513284645
8.73873873873874,0.9399527317296333,0.23898302661346701,1.390370551051827,3.416598420850016
8.74874874874875,0.9068257588558363,0.26551543730598043,1.289111618180488,3.2573153504034447
8.75875875875876,2.701383622373624,0.2697841905394978,1.2737367210651156,5.597567437078111
8.76876876876877,2.1837723233374526,0.1718915986710849,1.7043443810497876,5.65709292655717
8.77877877877878,2.407560274976351,0.18953890631277362,1.6117460425543266,5.8112020424351
8.78878878878879,2.3911373789035992,0.11582809038895249,2.072838665612369,6.407357555664299
8.7987987987988,3.579530652351683,0.15970649667519057,1.7736848241795717,7.368949244036625
8.80880880880881,6.106463078225305,0.2482425816548729,1.3538558968359293,8.642849122792663
8.81881881881882,5.575594305304985,0.2807791411774116,1.2351912649964882,7.9645858799093805
8.82882882882883,5.0861548627867625,0.1382825564060039,1.9086356604516461,9.057294297579508
8.83883883883884,6.130315739855835,0.1703767870423553,1.7127073545644547,9.526193703318482
8.84884884884885,6.812207229482146,0.19867971215205366,1.566954680203759,9.695298127496347
8.85885885885886,8.65891455521818,0.21400805794098035,1.4960732548233031,10.734879859230519
8.86886886886887,9.242842740544145,0.1595198240039177,1.7747854032250998,11.880501994757603
8.87887887887888,8.883550649757085,0.2212030522232045,1.4644589406135968,10.790135501262672
8.88888888888889,9.474205480449394,0.1763080326464542,1.6803538855759443,11.778315700561425
8.8988988988989,10.582909061032302,0.19927738645608606,1.564094699055397,12.101736894443237
8.90890890890891,11.403391242229667,0.22731421240018498,1.4383702252134214,12.153277586236772
8.91891891891892,11.910665273336964,0.2003211134905469,1.559119804306045,12.833225284755445
8.92892892892893,12.977339962926118,0.17818070547367157,1.6703525784804163,13.775891227605625
8.93893893893894,14.146635553371791,0.19451950980370847,1.5870919055866841,14.098026286487361
8.94894894894895,15.528794544409319,0.19558185203973324,1.5819110175862368,14.757731486899655
8.95895895895896,16.177504431998962,0.1814994485058936,1.6528703502303685,15.336134590150554
8.96896896896897,16.010386351682108,0.18706019686664488,1.6242460290695067,15.15698060491058
8.97897897897898,16.15710003811543,0.27993235852523585,1.2381076296725084,13.665397660728152
8.98898898898899,17.363609004623786,0.22804597239706195,1.4352914626317173,15.035542538282748
8.998998998999,16.54667333363655,0.185225984098542,1.6335974986032706,15.46400585614603
9.00900900900901,16.91534664250945,0.2348477202255368,1.4071188117796005,14.735561162458406
9.01901901901902,16.52200783018209,0.18330902551219952,1.6434652021237872,15.502956870224608
9.02902902902903,16.55075265311691,0.25865623187933207,1.3143226650566917,14.195585580274667
9.03903903903904,17.829204515724207,0.21848210960990472,1.4762973666369157,15.441290556676991
9.04904904904905,18.02030358374411,0.19463489279978857,1.586527898461723,15.984253663457716
9.05905905905906,18.066740131900257,0.2223858462905139,1.4593561582234031,15.485331753446912
9.06906906906907,16.70688399092034,0.12145619239657504,2.029081620535629,16.996802293823137
9.07907907907908,17.45313755694756,0.14366162655450976,1.8730023241860105,16.831975111923477
9.08908908908909,18.098621738088635,0.14030374968004725,1.895097034563364,17.22825780687173
9.0990990990991,20.261876461394095,0.20714715473818535,1.527180022835546,16.728026508090547
9.10910910910911,19.954098226441094,0.2866257499742546,1.2152840358711938,15.157180709507534
9.11911911911912,20.173248554105033,0.31156500730963166,1.1345555557141753,14.833091773601694
9.12912912912913,20.422632237815787,0.23190255507203789,1.4192202989083464,16.32943522073851
9.13913913913914,22.00008551757926,0.22504222374722285,1.4479901054575939,17.092100978739897
9.14914914914915,21.90478998519231,0.10994711329236306,2.1207043559104655,19.87558861028447
9.15915915915916,22.18381151096265,0.1728663100132989,1.69899993949517,18.311964120985092
9.16916916916917,22.791708020679188,0.16061081240458808,1.7683702672424684,18.86852903127544
9.17917917917918,22.978317143835547,0.1689576200874442,1.7206062604613082,18.747034968778472
9.18918918918919,22.531883529285018,0.19159280907076054,1.6015054127129502,18.046428946491734
9.1991991991992,22.725973522183327,0.17639547111514364,1.6798846736183901,18.481372039143494
9.20920920920921,23.7996052720431,0.10103500948121062,2.1979097266665306,21.068311618536438
9.21921921921922,22.77308997263204,0.2373955128058767,1.3967669565937446,17.198119011071952
9.22922922922923,22.906059646778914,0.1463628487130097,1.8555760192862154,19.33153257697594
9.23923923923924,22.20593883183974,0.21196234320555749,1.5052475366980305,17.512827372728452
9.24924924924925,23.400985460764584,0.3037041334874987,1.159304987310317,16.201430069388284
9.25925925925926,21.87779855598081,0.15403077042067884,1.8077012442408824,18.719233852331968
9.26926926926927,21.318876708709222,0.07348562386268351,2.4830808312573436,20.989023582969153
9.27927927927928,21.696088583773744,0.18569978890599448,1.6311734832419327,17.9053324309076
9.28928928928929,23.261612613008083,0.2550479817499286,1.3278444061786012,17.08236496385095
9.2992992992993,23.195862351935094,0.2979173727110297,1.177923802418243,16.266671456958132
9.30930930930931,22.640662825241897,0.13852252027737916,1.9070186805378162,19.494413884137657
9.31931931931932,24.521819894682487,0.2248349611618261,1.4488723044895777,18.18397586799412
9.32932932932933,23.073805994266245,0.17673447716099733,1.6780675793824635,18.713732032660452
9.33933933933934,20.875000037646164,0.19470258228479323,1.58619717142234,17.410426730537967
9.34934934934935,21.315014487699496,0.3322171673508517,1.0723097511878552,15.048744149516144
9.35935935935936,20.812960263346884,0.12485148358024234,2.0035812277495206,19.10270308958044
9.36936936936937,19.79172744621617,0.2126869830747287,1.5019881569222682,16.60691978132762
9.37937937937938,20.500083893515523,0.22338465858827167,1.4550672914173717,16.695019989629035
9.38938938938939,20.743884607286724,0.2542893162469674,1.3307108810153752,16.210985669734548
9.3993993993994,20.179805976549996,0.20489915767354477,1.5375863949618995,16.947277623914182
9.40940940940941,18.899501577879104,0.21540252697520512,1.4898674663691844,16.201840746842173
9.41941941941942,19.77195890615925,0.18041757162891045,1.6585358729161779,17.30490262553127
9.42942942942943,20.42216008411791,0.21345634706225539,1.4985391991626968,16.894541996242147
9.43943943943944,20.322984220338526,0.1828403862251295,1.6458924466198726,17.50476913354318
9.44944944944945,22.16962121638619,0.23107859449280255,1.4226322804290763,17.254077250279643
9.45945945945946,21.099536450060036,0.1815194831978183,1.6527657356002046,17.880091393736286
9.46946946946947,19.5740112791353,0.21885501969510934,1.4746665776895296,16.460354189580162
9.47947947947948,18.882103209254055,0.1985368593157511,1.567639470078631,16.57364754513933
9.48948948948949,18.836517192898558,0.2563025125386084,1.323122351213863,15.474164517335923
9.4994994994995,19.07985664222125,0.1974303138205757,1.5729598327265353,16.696049581286452
9.50950950950951,18.83862058436492,0.11134837658965593,2.1090897248169687,18.662664831424046
9.51951951951952,19.190675980879217,0.2630960750356996,1.2979316224999338,15.517746858154828
9.52952952952953,17.939136556688773,0.15471338495686907,1.803548376388649,17.120094431884155
9.53953953953954,19.38290116076203,0.167311683067559,1.7298461737268374,17.508053916049985
9.54954954954955,19.300749982369464,0.1702169352978254,1.7135939576587274,17.411922531675717
9.55955955955956,20.41804581395759,0.2687219046585409,1.277540751750142,15.930308450076762
9.56956956956957,20.760771160335295,0.09321628930106524,2.270928596325837,20.227434700013927
9.57957957957958,21.217524379489078,0.3568874266829997,1.0027002172650628,14.75107637617943
9.58958958958959,21.78729165972128,0.2528028404533026,1.3363511840080884,16.774429981590703
9.5995995995996,22.235000219738595,0.211161945706458,1.5088600598188837,17.796139862912316
9.60960960960961,22.877722979606137,0.1972552999691857,1.5738039124629004,18.3655445326661
9.61961961961962,24.20687550973857,0.21427770374288285,1.4948702461289844,18.513869349717908
9.62962962962963,24.40339667944004,0.22605612141896692,1.4436856996043477,18.33874667206983
9.63963963963964,25.11240043702855,0.23226077929750286,1.417740532617086,18.475961449712006
9.64964964964965,25.022664742741323,0.22778022330017245,1.4364084634480812,18.546874478696342
9.65965965965966,26.462781958190796,0.20447903406276247,1.5395432886883973,19.617135151284284
9.66966966966967,25.786389656131526,0.19013307898463372,1.6087727387879813,19.716157759883703
9.67967967967968,27.587330089042343,0.19243633581732442,1.5973298328923209,20.342748718544776
9.68968968968969,27.547172138398,0.19025458598236597,1.6081657920106756,20.39085244811522
9.6996996996997,26.116397036279952,0.25668850484335326,1.3216739501728068,18.36277248938409
9.70970970970971,26.244501451190743,0.2296778361140431,1.428459606923163,18.996139493548252
9.71971971971972,25.56344979371586,0.05298056826678599,2.7649290403778157,24.42582279018535
9.72972972972973,26.404093342704584,0.23279503882648805,1.4155376531748782,18.999261226261073
9.73973973973974,25.751469363402194,0.20973680973593875,1.5153247681731328,19.288666920423495
9.74974974974975,25.305285930187413,0.19906456217770513,1.5651121647790054,19.377105243649464
9.75975975975976,23.415745199241883,0.18057407734555572,1.6577143025438628,19.08046207328724
9.76976976976977,22.963438879992808,0.2562056359993007,1.323486201196788,17.274399313249287
9.77977977977978,20.53955955336385,0.2473763231061429,1.357215972875594,16.50886977841772
9.78978978978979,18.95565672987813,0.16135611660881954,1.7640113347195807,17.619654873168596
9.7997997997998,19.716071386022428,0.22035261435622677,1.4681440381693838,16.70360049434938
9.80980980980981,20.50187154467326,0.1514171632729357,1.8237631888189694,18.58409188926568
9.81981981981982,20.927329106458224,0.13101909176055349,1.9588599952129506,19.327692940017553
9.82982982982983,19.96035296332901,0.16866413877050174,1.722247555352103,17.935290297303663
9.83983983983984,19.91264160718703,0.24311967361913794,1.3738928838350244,16.37177416371064
9.84984984984985,19.90903906809646,0.24765625226880433,1.356128937982617,16.291443132251565
9.85985985985986,18.75067437890392,0.22565427100486465,1.4453895014190574,16.2248259787823
9.86986986986987,20.254072680671072,0.23625478934239988,1.4013885500128778,16.661751486639528
9.87987987987988,21.131434971246744,0.22580891435574793,1.444733486861692,17.233909572376454
9.88988988988989,20.91047079741708,0.1679259202388524,1.726387993749745,18.4163871441512
9.8998998998999,20.93735663641161,0.22159612723369704,1.4627602552119805,17.25281940106178
9.90990990990991,21.14573944435916,0.24002047626138412,1.386212459428389,16.976014799786793
9.91991991991992,19.104004575934873,0.23771456649067874,1.395478137228891,16.184753225037415
9.92992992992993,18.856827193414276,0.2594456685737322,1.3113885097968498,15.690745177784457
9.93993993993994,18.174842945416476,0.2354151923600532,1.4048038400639076,15.84018107934796
9.94994994994995,17.17322293552156,0.21757241037707917,1.4802868038620351,15.729118615588323
9.95995995995996,16.892122642635606,0.2535075119158214,1.3336734031876356,14.96798797167872
9.96996996996997,18.689809169485127,0.19867393703754702,1.5669823551241449,16.799283159429187
9.97997997997998,19.330652030752137,0.15590626743861413,1.7963323040869428,18.051011157774205
9.98998998998999,18.75947304096934,0.19184665180281182,1.6002470193718554,16.98515267972901
10.0,19.332055822325497,0.16275486775967757,1.7558816386724367,17.90119147346878
